requested_name,match_name,element,median_value,mean_value,reported_value,catalog_id,catalog_citation,catalog_doi,note,solarnorm,median_uncertainty,std_dev,unique_citations,unique_dois
hd 11695,hd11695,,,,,,,,SUMMARY (median/mean),,,,,
hd 11695,hd11695,,,,,,,,SUMMARY (median/mean),,,,,
hd 11695,hd11695,,,,,,,,SUMMARY (median/mean),,,,,
hd 18884,hd18884,Ba_II,,,,,,,SUMMARY (median/mean),,,,,
hd 18884,hd18884,Eu_II,,,,,,,SUMMARY (median/mean),,,,,
hd 18884,hd18884,Y_II,,,,,,,SUMMARY (median/mean),,,,,
hd 18907,hd18907,Ba_II,-0.61,-0.64,,,,,SUMMARY (median/mean),,,,Bensby et al. (2005) (2005); Bensby et al. (2014) (2014); Castro et al. (1999) (1999); Fulbright (2000) (2000); Jofre et al. (2015) (2015); Luck (2017) (2017); Reddy et al. (2006) (2006),
hd 18907,hd18907,Ba_II,,,-0.5,bensby05_raw_01_01_2025,Bensby et al. (2005) (2005),,individual measurement,grevesse07,,,Bensby et al. (2005) (2005); Bensby et al. (2014) (2014); Castro et al. (1999) (1999); Fulbright (2000) (2000); Jofre et al. (2015) (2015); Luck (2017) (2017); Reddy et al. (2006) (2006),
hd 18907,hd18907,Ba_II,,,-0.67,bensby14_raw_01_01_2025,Bensby et al. (2014) (2014),,individual measurement,grevesse07,,,Bensby et al. (2005) (2005); Bensby et al. (2014) (2014); Castro et al. (1999) (1999); Fulbright (2000) (2000); Jofre et al. (2015) (2015); Luck (2017) (2017); Reddy et al. (2006) (2006),
hd 18907,hd18907,Ba_II,,,-0.55,castro99_raw_01_01_2025,Castro et al. (1999) (1999),,individual measurement,grevesse07,,,Bensby et al. (2005) (2005); Bensby et al. (2014) (2014); Castro et al. (1999) (1999); Fulbright (2000) (2000); Jofre et al. (2015) (2015); Luck (2017) (2017); Reddy et al. (2006) (2006),
hd 18907,hd18907,Ba_II,,,-0.84,fulbright00_raw_01_01_2025,Fulbright (2000) (2000),,individual measurement,grevesse07,,,Bensby et al. (2005) (2005); Bensby et al. (2014) (2014); Castro et al. (1999) (1999); Fulbright (2000) (2000); Jofre et al. (2015) (2015); Luck (2017) (2017); Reddy et al. (2006) (2006),
hd 18907,hd18907,Ba_II,,,-0.61,jofre15_raw_01_01_2025,Jofre et al. (2015) (2015),,individual measurement,grevesse07,,,Bensby et al. (2005) (2005); Bensby et al. (2014) (2014); Castro et al. (1999) (1999); Fulbright (2000) (2000); Jofre et al. (2015) (2015); Luck (2017) (2017); Reddy et al. (2006) (2006),
hd 18907,hd18907,Ba_II,,,-0.59,luck17_01_of_02_unique_01_01_2025,Luck (2017) (2017),,individual measurement,grevesse07,,,Bensby et al. (2005) (2005); Bensby et al. (2014) (2014); Castro et al. (1999) (1999); Fulbright (2000) (2000); Jofre et al. (2015) (2015); Luck (2017) (2017); Reddy et al. (2006) (2006),
hd 18907,hd18907,Ba_II,,,-0.8,reddy06_raw_01_01_2025,Reddy et al. (2006) (2006),,individual measurement,grevesse07,,,Bensby et al. (2005) (2005); Bensby et al. (2014) (2014); Castro et al. (1999) (1999); Fulbright (2000) (2000); Jofre et al. (2015) (2015); Luck (2017) (2017); Reddy et al. (2006) (2006),
hd 18907,hd18907,Eu_II,-0.25,-0.25,,,,,SUMMARY (median/mean),,,,Luck (2017) (2017),
hd 18907,hd18907,Eu_II,,,-0.25,luck17_01_of_02_unique_01_01_2025,Luck (2017) (2017),,individual measurement,grevesse07,,,Luck (2017) (2017),
hd 18907,hd18907,Y_II,-0.62,-0.55,,,,,SUMMARY (median/mean),,,,Bensby et al. (2005) (2005); Fulbright (2000) (2000); Luck (2017) (2017); Reddy et al. (2006) (2006),
hd 18907,hd18907,Y_II,,,-0.63,bensby05_raw_01_01_2025,Bensby et al. (2005) (2005),,individual measurement,grevesse07,,,Bensby et al. (2005) (2005); Fulbright (2000) (2000); Luck (2017) (2017); Reddy et al. (2006) (2006),
hd 18907,hd18907,Y_II,,,-0.62,fulbright00_raw_01_01_2025,Fulbright (2000) (2000),,individual measurement,grevesse07,,,Bensby et al. (2005) (2005); Fulbright (2000) (2000); Luck (2017) (2017); Reddy et al. (2006) (2006),
hd 18907,hd18907,Y_II,,,-0.37,luck17_01_of_02_unique_01_01_2025,Luck (2017) (2017),,individual measurement,grevesse07,,,Bensby et al. (2005) (2005); Fulbright (2000) (2000); Luck (2017) (2017); Reddy et al. (2006) (2006),
hd 18907,hd18907,Y_II,,,-0.65,reddy06_raw_01_01_2025,Reddy et al. (2006) (2006),,individual measurement,grevesse07,,,Bensby et al. (2005) (2005); Fulbright (2000) (2000); Luck (2017) (2017); Reddy et al. (2006) (2006),
hd 22049,hd22049,Ba_II,0.08,0.08,,,,,SUMMARY (median/mean),,,,Allende Prieto et al. (2004) (2004); Casamiquela et al. (2020) (2020); Delgado Mena et al. (2017) (2017); Luck & Heiter (2005) (2005); Luck (2017) (2017); Luck (2018) (2018); Mishenina et al. (2013) (2013); Mishenina et al. (2016) (2016); Zhao et al. (2002) (2002),
hd 22049,hd22049,Ba_II,,,0.16,allendeprieto04_raw_01_01_2025,Allende Prieto et al. (2004) (2004),,individual measurement,grevesse07,,,Allende Prieto et al. (2004) (2004); Casamiquela et al. (2020) (2020); Delgado Mena et al. (2017) (2017); Luck & Heiter (2005) (2005); Luck (2017) (2017); Luck (2018) (2018); Mishenina et al. (2013) (2013); Mishenina et al. (2016) (2016); Zhao et al. (2002) (2002),
hd 22049,hd22049,Ba_II,,,0.09,casamiquela20_raw_22_01_2025,Casamiquela et al. (2020) (2020),,individual measurement,grevesse07,,,Allende Prieto et al. (2004) (2004); Casamiquela et al. (2020) (2020); Delgado Mena et al. (2017) (2017); Luck & Heiter (2005) (2005); Luck (2017) (2017); Luck (2018) (2018); Mishenina et al. (2013) (2013); Mishenina et al. (2016) (2016); Zhao et al. (2002) (2002),
hd 22049,hd22049,Ba_II,,,0.06,delgadomena17_raw_01_01_2025,Delgado Mena et al. (2017) (2017),,individual measurement,grevesse07,,,Allende Prieto et al. (2004) (2004); Casamiquela et al. (2020) (2020); Delgado Mena et al. (2017) (2017); Luck & Heiter (2005) (2005); Luck (2017) (2017); Luck (2018) (2018); Mishenina et al. (2013) (2013); Mishenina et al. (2016) (2016); Zhao et al. (2002) (2002),
hd 22049,hd22049,Ba_II,,,0.08,luck05_01_of_02_unique_01_01_2025,Luck & Heiter (2005) (2005),,individual measurement,grevesse07,,,Allende Prieto et al. (2004) (2004); Casamiquela et al. (2020) (2020); Delgado Mena et al. (2017) (2017); Luck & Heiter (2005) (2005); Luck (2017) (2017); Luck (2018) (2018); Mishenina et al. (2013) (2013); Mishenina et al. (2016) (2016); Zhao et al. (2002) (2002),
hd 22049,hd22049,Ba_II,,,0.08,luck17_01_of_02_unique_01_01_2025,Luck (2017) (2017),,individual measurement,grevesse07,,,Allende Prieto et al. (2004) (2004); Casamiquela et al. (2020) (2020); Delgado Mena et al. (2017) (2017); Luck & Heiter (2005) (2005); Luck (2017) (2017); Luck (2018) (2018); Mishenina et al. (2013) (2013); Mishenina et al. (2016) (2016); Zhao et al. (2002) (2002),
hd 22049,hd22049,Ba_II,,,0.23,luck18_raw_01_01_2025,Luck (2018) (2018),,individual measurement,grevesse07,,,Allende Prieto et al. (2004) (2004); Casamiquela et al. (2020) (2020); Delgado Mena et al. (2017) (2017); Luck & Heiter (2005) (2005); Luck (2017) (2017); Luck (2018) (2018); Mishenina et al. (2013) (2013); Mishenina et al. (2016) (2016); Zhao et al. (2002) (2002),
hd 22049,hd22049,Ba_II,,,0.01,mishenina13_raw_01_01_2025,Mishenina et al. (2013) (2013),,individual measurement,grevesse07,,,Allende Prieto et al. (2004) (2004); Casamiquela et al. (2020) (2020); Delgado Mena et al. (2017) (2017); Luck & Heiter (2005) (2005); Luck (2017) (2017); Luck (2018) (2018); Mishenina et al. (2013) (2013); Mishenina et al. (2016) (2016); Zhao et al. (2002) (2002),
hd 22049,hd22049,Ba_II,,,0.01,mishenina16_01_of_02_unique_01_01_2025,Mishenina et al. (2016) (2016),,individual measurement,grevesse07,,,Allende Prieto et al. (2004) (2004); Casamiquela et al. (2020) (2020); Delgado Mena et al. (2017) (2017); Luck & Heiter (2005) (2005); Luck (2017) (2017); Luck (2018) (2018); Mishenina et al. (2013) (2013); Mishenina et al. (2016) (2016); Zhao et al. (2002) (2002),
hd 22049,hd22049,Ba_II,,,-0.12,zhao02_raw_01_01_2025,Zhao et al. (2002) (2002),,individual measurement,grevesse07,,,Allende Prieto et al. (2004) (2004); Casamiquela et al. (2020) (2020); Delgado Mena et al. (2017) (2017); Luck & Heiter (2005) (2005); Luck (2017) (2017); Luck (2018) (2018); Mishenina et al. (2013) (2013); Mishenina et al. (2016) (2016); Zhao et al. (2002) (2002),
hd 22049,hd22049,Eu_II,0.09,0.11,,,,,SUMMARY (median/mean),,,,Allende Prieto et al. (2004) (2004); Casamiquela et al. (2020) (2020); Delgado Mena et al. (2017) (2017); Luck (2017) (2017); Luck (2018) (2018); Mishenina et al. (2013) (2013); Mishenina et al. (2016) (2016),
hd 22049,hd22049,Eu_II,,,0.14,allendeprieto04_raw_01_01_2025,Allende Prieto et al. (2004) (2004),,individual measurement,grevesse07,,,Allende Prieto et al. (2004) (2004); Casamiquela et al. (2020) (2020); Delgado Mena et al. (2017) (2017); Luck (2017) (2017); Luck (2018) (2018); Mishenina et al. (2013) (2013); Mishenina et al. (2016) (2016),
hd 22049,hd22049,Eu_II,,,-0.06,casamiquela20_raw_22_01_2025,Casamiquela et al. (2020) (2020),,individual measurement,grevesse07,,,Allende Prieto et al. (2004) (2004); Casamiquela et al. (2020) (2020); Delgado Mena et al. (2017) (2017); Luck (2017) (2017); Luck (2018) (2018); Mishenina et al. (2013) (2013); Mishenina et al. (2016) (2016),
hd 22049,hd22049,Eu_II,,,0.15,delgadomena17_raw_01_01_2025,Delgado Mena et al. (2017) (2017),,individual measurement,grevesse07,,,Allende Prieto et al. (2004) (2004); Casamiquela et al. (2020) (2020); Delgado Mena et al. (2017) (2017); Luck (2017) (2017); Luck (2018) (2018); Mishenina et al. (2013) (2013); Mishenina et al. (2016) (2016),
hd 22049,hd22049,Eu_II,,,0.25,luck17_01_of_02_unique_01_01_2025,Luck (2017) (2017),,individual measurement,grevesse07,,,Allende Prieto et al. (2004) (2004); Casamiquela et al. (2020) (2020); Delgado Mena et al. (2017) (2017); Luck (2017) (2017); Luck (2018) (2018); Mishenina et al. (2013) (2013); Mishenina et al. (2016) (2016),
hd 22049,hd22049,Eu_II,,,0.05,luck18_raw_01_01_2025,Luck (2018) (2018),,individual measurement,grevesse07,,,Allende Prieto et al. (2004) (2004); Casamiquela et al. (2020) (2020); Delgado Mena et al. (2017) (2017); Luck (2017) (2017); Luck (2018) (2018); Mishenina et al. (2013) (2013); Mishenina et al. (2016) (2016),
hd 22049,hd22049,Eu_II,,,0.09,mishenina13_raw_01_01_2025,Mishenina et al. (2013) (2013),,individual measurement,grevesse07,,,Allende Prieto et al. (2004) (2004); Casamiquela et al. (2020) (2020); Delgado Mena et al. (2017) (2017); Luck (2017) (2017); Luck (2018) (2018); Mishenina et al. (2013) (2013); Mishenina et al. (2016) (2016),
hd 22049,hd22049,Eu_II,,,0.09,mishenina16_01_of_02_unique_01_01_2025,Mishenina et al. (2016) (2016),,individual measurement,grevesse07,,,Allende Prieto et al. (2004) (2004); Casamiquela et al. (2020) (2020); Delgado Mena et al. (2017) (2017); Luck (2017) (2017); Luck (2018) (2018); Mishenina et al. (2013) (2013); Mishenina et al. (2016) (2016),
hd 22049,hd22049,Y_II,0.04,0.09,,,,,SUMMARY (median/mean),,,,Casamiquela et al. (2020) (2020); Delgado Mena et al. (2017) (2017); Luck (2017) (2017); Mishenina et al. (2013) (2013),
hd 22049,hd22049,Y_II,,,0.14,casamiquela20_raw_22_01_2025,Casamiquela et al. (2020) (2020),,individual measurement,grevesse07,,,Casamiquela et al. (2020) (2020); Delgado Mena et al. (2017) (2017); Luck (2017) (2017); Mishenina et al. (2013) (2013),
hd 22049,hd22049,Y_II,,,-0.06,delgadomena17_raw_01_01_2025,Delgado Mena et al. (2017) (2017),,individual measurement,grevesse07,,,Casamiquela et al. (2020) (2020); Delgado Mena et al. (2017) (2017); Luck (2017) (2017); Mishenina et al. (2013) (2013),
hd 22049,hd22049,Y_II,,,0.28,luck17_01_of_02_unique_01_01_2025,Luck (2017) (2017),,individual measurement,grevesse07,,,Casamiquela et al. (2020) (2020); Delgado Mena et al. (2017) (2017); Luck (2017) (2017); Mishenina et al. (2013) (2013),
hd 22049,hd22049,Y_II,,,-0.11,mishenina13_raw_01_01_2025,Mishenina et al. (2013) (2013),,individual measurement,grevesse07,,,Casamiquela et al. (2020) (2020); Delgado Mena et al. (2017) (2017); Luck (2017) (2017); Mishenina et al. (2013) (2013),
hd 23249,hd23249,Ba_II,0.06,0.08,,,,,SUMMARY (median/mean),,,,Allende Prieto et al. (2004) (2004); Bensby et al. (2005) (2005); Bensby et al. (2014) (2014); Delgado Mena et al. (2017) (2017); Jofre et al. (2015) (2015); Luck & Heiter (2005) (2005); Luck (2015) (2015); Luck (2017) (2017),
hd 23249,hd23249,Ba_II,,,0.21,allendeprieto04_raw_01_01_2025,Allende Prieto et al. (2004) (2004),,individual measurement,grevesse07,,,Allende Prieto et al. (2004) (2004); Bensby et al. (2005) (2005); Bensby et al. (2014) (2014); Delgado Mena et al. (2017) (2017); Jofre et al. (2015) (2015); Luck & Heiter (2005) (2005); Luck (2015) (2015); Luck (2017) (2017),
hd 23249,hd23249,Ba_II,,,0.34,bensby05_raw_01_01_2025,Bensby et al. (2005) (2005),,individual measurement,grevesse07,,,Allende Prieto et al. (2004) (2004); Bensby et al. (2005) (2005); Bensby et al. (2014) (2014); Delgado Mena et al. (2017) (2017); Jofre et al. (2015) (2015); Luck & Heiter (2005) (2005); Luck (2015) (2015); Luck (2017) (2017),
hd 23249,hd23249,Ba_II,,,0.06,bensby14_raw_01_01_2025,Bensby et al. (2014) (2014),,individual measurement,grevesse07,,,Allende Prieto et al. (2004) (2004); Bensby et al. (2005) (2005); Bensby et al. (2014) (2014); Delgado Mena et al. (2017) (2017); Jofre et al. (2015) (2015); Luck & Heiter (2005) (2005); Luck (2015) (2015); Luck (2017) (2017),
hd 23249,hd23249,Ba_II,,,0.08,delgadomena17_raw_01_01_2025,Delgado Mena et al. (2017) (2017),,individual measurement,grevesse07,,,Allende Prieto et al. (2004) (2004); Bensby et al. (2005) (2005); Bensby et al. (2014) (2014); Delgado Mena et al. (2017) (2017); Jofre et al. (2015) (2015); Luck & Heiter (2005) (2005); Luck (2015) (2015); Luck (2017) (2017),
hd 23249,hd23249,Ba_II,,,-0.26,jofre15_raw_01_01_2025,Jofre et al. (2015) (2015),,individual measurement,grevesse07,,,Allende Prieto et al. (2004) (2004); Bensby et al. (2005) (2005); Bensby et al. (2014) (2014); Delgado Mena et al. (2017) (2017); Jofre et al. (2015) (2015); Luck & Heiter (2005) (2005); Luck (2015) (2015); Luck (2017) (2017),
hd 23249,hd23249,Ba_II,,,0.05,luck05_01_of_02_unique_01_01_2025,Luck & Heiter (2005) (2005),,individual measurement,grevesse07,,,Allende Prieto et al. (2004) (2004); Bensby et al. (2005) (2005); Bensby et al. (2014) (2014); Delgado Mena et al. (2017) (2017); Jofre et al. (2015) (2015); Luck & Heiter (2005) (2005); Luck (2015) (2015); Luck (2017) (2017),
hd 23249,hd23249,Ba_II,,,-0.09,luck15_01_of_02_unique_01_01_2025,Luck (2015) (2015),,individual measurement,grevesse07,,,Allende Prieto et al. (2004) (2004); Bensby et al. (2005) (2005); Bensby et al. (2014) (2014); Delgado Mena et al. (2017) (2017); Jofre et al. (2015) (2015); Luck & Heiter (2005) (2005); Luck (2015) (2015); Luck (2017) (2017),
hd 23249,hd23249,Ba_II,,,-0.04,luck17_01_of_02_unique_01_01_2025,Luck (2017) (2017),,individual measurement,grevesse07,,,Allende Prieto et al. (2004) (2004); Bensby et al. (2005) (2005); Bensby et al. (2014) (2014); Delgado Mena et al. (2017) (2017); Jofre et al. (2015) (2015); Luck & Heiter (2005) (2005); Luck (2015) (2015); Luck (2017) (2017),
hd 23249,hd23249,Eu_II,0.23,0.24,,,,,SUMMARY (median/mean),,,,Allende Prieto et al. (2004) (2004); Battistini et al. (2016) (2016); Delgado Mena et al. (2017) (2017); Luck (2015) (2015); Luck (2017) (2017),
hd 23249,hd23249,Eu_II,,,0.36,allendeprieto04_raw_01_01_2025,Allende Prieto et al. (2004) (2004),,individual measurement,grevesse07,,,Allende Prieto et al. (2004) (2004); Battistini et al. (2016) (2016); Delgado Mena et al. (2017) (2017); Luck (2015) (2015); Luck (2017) (2017),
hd 23249,hd23249,Eu_II,,,0.08,battistini16_raw_01_01_2025,Battistini et al. (2016) (2016),,individual measurement,grevesse07,,,Allende Prieto et al. (2004) (2004); Battistini et al. (2016) (2016); Delgado Mena et al. (2017) (2017); Luck (2015) (2015); Luck (2017) (2017),
hd 23249,hd23249,Eu_II,,,0.23,delgadomena17_raw_01_01_2025,Delgado Mena et al. (2017) (2017),,individual measurement,grevesse07,,,Allende Prieto et al. (2004) (2004); Battistini et al. (2016) (2016); Delgado Mena et al. (2017) (2017); Luck (2015) (2015); Luck (2017) (2017),
hd 23249,hd23249,Eu_II,,,0.25,luck15_01_of_02_unique_01_01_2025,Luck (2015) (2015),,individual measurement,grevesse07,,,Allende Prieto et al. (2004) (2004); Battistini et al. (2016) (2016); Delgado Mena et al. (2017) (2017); Luck (2015) (2015); Luck (2017) (2017),
hd 23249,hd23249,Eu_II,,,0.23,luck17_01_of_02_unique_01_01_2025,Luck (2017) (2017),,individual measurement,grevesse07,,,Allende Prieto et al. (2004) (2004); Battistini et al. (2016) (2016); Delgado Mena et al. (2017) (2017); Luck (2015) (2015); Luck (2017) (2017),
hd 23249,hd23249,Y_II,0.28,0.24,,,,,SUMMARY (median/mean),,,,Bensby et al. (2005) (2005); Delgado Mena et al. (2017) (2017); Luck (2017) (2017),
hd 23249,hd23249,Y_II,,,0.28,bensby05_raw_01_01_2025,Bensby et al. (2005) (2005),,individual measurement,grevesse07,,,Bensby et al. (2005) (2005); Delgado Mena et al. (2017) (2017); Luck (2017) (2017),
hd 23249,hd23249,Y_II,,,0.1,delgadomena17_raw_01_01_2025,Delgado Mena et al. (2017) (2017),,individual measurement,grevesse07,,,Bensby et al. (2005) (2005); Delgado Mena et al. (2017) (2017); Luck (2017) (2017),
hd 23249,hd23249,Y_II,,,0.32,luck17_01_of_02_unique_01_01_2025,Luck (2017) (2017),,individual measurement,grevesse07,,,Bensby et al. (2005) (2005); Delgado Mena et al. (2017) (2017); Luck (2017) (2017),
hd 128621,hd128621,Ba_II,0.16,0.19,,,,,SUMMARY (median/mean),,,,Allende Prieto et al. (2004) (2004); Casamiquela et al. (2020) (2020); Luck (2018) (2018); Porto de Mello et al. (2008) (2008),
hd 128621,hd128621,Ba_II,,,0.21,allendeprieto04_raw_01_01_2025,Allende Prieto et al. (2004) (2004),,individual measurement,grevesse07,,,Allende Prieto et al. (2004) (2004); Casamiquela et al. (2020) (2020); Luck (2018) (2018); Porto de Mello et al. (2008) (2008),
hd 128621,hd128621,Ba_II,,,0.01,casamiquela20_raw_22_01_2025,Casamiquela et al. (2020) (2020),,individual measurement,grevesse07,,,Allende Prieto et al. (2004) (2004); Casamiquela et al. (2020) (2020); Luck (2018) (2018); Porto de Mello et al. (2008) (2008),
hd 128621,hd128621,Ba_II,,,0.35,luck18_raw_01_01_2025,Luck (2018) (2018),,individual measurement,grevesse07,,,Allende Prieto et al. (2004) (2004); Casamiquela et al. (2020) (2020); Luck (2018) (2018); Porto de Mello et al. (2008) (2008),
hd 128621,hd128621,Ba_II,,,0.1,portodemello08_raw_01_01_2025,Porto de Mello et al. (2008) (2008),,individual measurement,grevesse07,,,Allende Prieto et al. (2004) (2004); Casamiquela et al. (2020) (2020); Luck (2018) (2018); Porto de Mello et al. (2008) (2008),
hd 128621,hd128621,Eu_II,0.16,0.2,,,,,SUMMARY (median/mean),,,,Allende Prieto et al. (2004) (2004); Casamiquela et al. (2020) (2020); Koch & Edvardsson (2002) (2002); Luck (2018) (2018); Neuforge-Verheecke & Magain (1997) (1997),
hd 128621,hd128621,Eu_II,,,0.28,allendeprieto04_raw_01_01_2025,Allende Prieto et al. (2004) (2004),,individual measurement,grevesse07,,,Allende Prieto et al. (2004) (2004); Casamiquela et al. (2020) (2020); Koch & Edvardsson (2002) (2002); Luck (2018) (2018); Neuforge-Verheecke & Magain (1997) (1997),
hd 128621,hd128621,Eu_II,,,0.03,casamiquela20_raw_22_01_2025,Casamiquela et al. (2020) (2020),,individual measurement,grevesse07,,,Allende Prieto et al. (2004) (2004); Casamiquela et al. (2020) (2020); Koch & Edvardsson (2002) (2002); Luck (2018) (2018); Neuforge-Verheecke & Magain (1997) (1997),
hd 128621,hd128621,Eu_II,,,0.05,koch02_raw_01_01_2025,Koch & Edvardsson (2002) (2002),,individual measurement,grevesse07,,,Allende Prieto et al. (2004) (2004); Casamiquela et al. (2020) (2020); Koch & Edvardsson (2002) (2002); Luck (2018) (2018); Neuforge-Verheecke & Magain (1997) (1997),
hd 128621,hd128621,Eu_II,,,0.39,luck18_raw_01_01_2025,Luck (2018) (2018),,individual measurement,grevesse07,,,Allende Prieto et al. (2004) (2004); Casamiquela et al. (2020) (2020); Koch & Edvardsson (2002) (2002); Luck (2018) (2018); Neuforge-Verheecke & Magain (1997) (1997),
hd 128621,hd128621,Eu_II,,,0.16,neuforge97_raw_01_01_2025,Neuforge-Verheecke & Magain (1997) (1997),,individual measurement,grevesse07,,,Allende Prieto et al. (2004) (2004); Casamiquela et al. (2020) (2020); Koch & Edvardsson (2002) (2002); Luck (2018) (2018); Neuforge-Verheecke & Magain (1997) (1997),
hd 128621,hd128621,Y_II,0.13,0.13,,,,,SUMMARY (median/mean),,,,Casamiquela et al. (2020) (2020); Neuforge-Verheecke & Magain (1997) (1997); Porto de Mello et al. (2008) (2008),
hd 128621,hd128621,Y_II,,,0.13,casamiquela20_raw_22_01_2025,Casamiquela et al. (2020) (2020),,individual measurement,grevesse07,,,Casamiquela et al. (2020) (2020); Neuforge-Verheecke & Magain (1997) (1997); Porto de Mello et al. (2008) (2008),
hd 128621,hd128621,Y_II,,,0.09,neuforge97_raw_01_01_2025,Neuforge-Verheecke & Magain (1997) (1997),,individual measurement,grevesse07,,,Casamiquela et al. (2020) (2020); Neuforge-Verheecke & Magain (1997) (1997); Porto de Mello et al. (2008) (2008),
hd 128621,hd128621,Y_II,,,0.16,portodemello08_raw_01_01_2025,Porto de Mello et al. (2008) (2008),,individual measurement,grevesse07,,,Casamiquela et al. (2020) (2020); Neuforge-Verheecke & Magain (1997) (1997); Porto de Mello et al. (2008) (2008),
hd 10700,hd10700,Ba_II,-0.53,-0.55,,,,,SUMMARY (median/mean),,,,Allende Prieto et al. (2004) (2004); Casamiquela et al. (2020) (2020); Castro et al. (1999) (1999); Delgado Mena et al. (2017) (2017); Luck & Heiter (2005) (2005); Luck (2017) (2017); Luck (2018) (2018); Thevenin (1998) (1998),
hd 10700,hd10700,Ba_II,,,-0.54,allendeprieto04_raw_01_01_2025,Allende Prieto et al. (2004) (2004),,individual measurement,grevesse07,,,Allende Prieto et al. (2004) (2004); Casamiquela et al. (2020) (2020); Castro et al. (1999) (1999); Delgado Mena et al. (2017) (2017); Luck & Heiter (2005) (2005); Luck (2017) (2017); Luck (2018) (2018); Thevenin (1998) (1998),
hd 10700,hd10700,Ba_II,,,-0.68,casamiquela20_raw_22_01_2025,Casamiquela et al. (2020) (2020),,individual measurement,grevesse07,,,Allende Prieto et al. (2004) (2004); Casamiquela et al. (2020) (2020); Castro et al. (1999) (1999); Delgado Mena et al. (2017) (2017); Luck & Heiter (2005) (2005); Luck (2017) (2017); Luck (2018) (2018); Thevenin (1998) (1998),
hd 10700,hd10700,Ba_II,,,-0.52,castro99_raw_01_01_2025,Castro et al. (1999) (1999),,individual measurement,grevesse07,,,Allende Prieto et al. (2004) (2004); Casamiquela et al. (2020) (2020); Castro et al. (1999) (1999); Delgado Mena et al. (2017) (2017); Luck & Heiter (2005) (2005); Luck (2017) (2017); Luck (2018) (2018); Thevenin (1998) (1998),
hd 10700,hd10700,Ba_II,,,-0.5,delgadomena17_raw_01_01_2025,Delgado Mena et al. (2017) (2017),,individual measurement,grevesse07,,,Allende Prieto et al. (2004) (2004); Casamiquela et al. (2020) (2020); Castro et al. (1999) (1999); Delgado Mena et al. (2017) (2017); Luck & Heiter (2005) (2005); Luck (2017) (2017); Luck (2018) (2018); Thevenin (1998) (1998),
hd 10700,hd10700,Ba_II,,,-0.6,luck05_01_of_02_unique_01_01_2025,Luck & Heiter (2005) (2005),,individual measurement,grevesse07,,,Allende Prieto et al. (2004) (2004); Casamiquela et al. (2020) (2020); Castro et al. (1999) (1999); Delgado Mena et al. (2017) (2017); Luck & Heiter (2005) (2005); Luck (2017) (2017); Luck (2018) (2018); Thevenin (1998) (1998),
hd 10700,hd10700,Ba_II,,,-0.44,luck17_01_of_02_unique_01_01_2025,Luck (2017) (2017),,individual measurement,grevesse07,,,Allende Prieto et al. (2004) (2004); Casamiquela et al. (2020) (2020); Castro et al. (1999) (1999); Delgado Mena et al. (2017) (2017); Luck & Heiter (2005) (2005); Luck (2017) (2017); Luck (2018) (2018); Thevenin (1998) (1998),
hd 10700,hd10700,Ba_II,,,-0.42,luck18_raw_01_01_2025,Luck (2018) (2018),,individual measurement,grevesse07,,,Allende Prieto et al. (2004) (2004); Casamiquela et al. (2020) (2020); Castro et al. (1999) (1999); Delgado Mena et al. (2017) (2017); Luck & Heiter (2005) (2005); Luck (2017) (2017); Luck (2018) (2018); Thevenin (1998) (1998),
hd 10700,hd10700,Ba_II,,,-0.79,thevenin98_01_of_02_unique_01_01_2025,Thevenin (1998) (1998),,individual measurement,grevesse07,,,Allende Prieto et al. (2004) (2004); Casamiquela et al. (2020) (2020); Castro et al. (1999) (1999); Delgado Mena et al. (2017) (2017); Luck & Heiter (2005) (2005); Luck (2017) (2017); Luck (2018) (2018); Thevenin (1998) (1998),
hd 10700,hd10700,Eu_II,-0.02,-0.03,,,,,SUMMARY (median/mean),,,,Allende Prieto et al. (2004) (2004); Casamiquela et al. (2020) (2020); Delgado Mena et al. (2017) (2017); Luck (2017) (2017); Pagano (2014) (2014),
hd 10700,hd10700,Eu_II,,,-0.02,allendeprieto04_raw_01_01_2025,Allende Prieto et al. (2004) (2004),,individual measurement,grevesse07,,,Allende Prieto et al. (2004) (2004); Casamiquela et al. (2020) (2020); Delgado Mena et al. (2017) (2017); Luck (2017) (2017); Pagano (2014) (2014),
hd 10700,hd10700,Eu_II,,,-0.28,casamiquela20_raw_22_01_2025,Casamiquela et al. (2020) (2020),,individual measurement,grevesse07,,,Allende Prieto et al. (2004) (2004); Casamiquela et al. (2020) (2020); Delgado Mena et al. (2017) (2017); Luck (2017) (2017); Pagano (2014) (2014),
hd 10700,hd10700,Eu_II,,,-0.08,delgadomena17_raw_01_01_2025,Delgado Mena et al. (2017) (2017),,individual measurement,grevesse07,,,Allende Prieto et al. (2004) (2004); Casamiquela et al. (2020) (2020); Delgado Mena et al. (2017) (2017); Luck (2017) (2017); Pagano (2014) (2014),
hd 10700,hd10700,Eu_II,,,0.08,luck17_01_of_02_unique_01_01_2025,Luck (2017) (2017),,individual measurement,grevesse07,,,Allende Prieto et al. (2004) (2004); Casamiquela et al. (2020) (2020); Delgado Mena et al. (2017) (2017); Luck (2017) (2017); Pagano (2014) (2014),
hd 10700,hd10700,Eu_II,,,0.07,pagano14_raw_01_01_2025,Pagano (2014) (2014),,individual measurement,grevesse07,,,Allende Prieto et al. (2004) (2004); Casamiquela et al. (2020) (2020); Delgado Mena et al. (2017) (2017); Luck (2017) (2017); Pagano (2014) (2014),
hd 10700,hd10700,Y_II,-0.58,-0.44,,,,,SUMMARY (median/mean),,,,Casamiquela et al. (2020) (2020); Delgado Mena et al. (2017) (2017); Luck (2017) (2017),
hd 10700,hd10700,Y_II,,,-0.61,casamiquela20_raw_22_01_2025,Casamiquela et al. (2020) (2020),,individual measurement,grevesse07,,,Casamiquela et al. (2020) (2020); Delgado Mena et al. (2017) (2017); Luck (2017) (2017),
hd 10700,hd10700,Y_II,,,-0.58,delgadomena17_raw_01_01_2025,Delgado Mena et al. (2017) (2017),,individual measurement,grevesse07,,,Casamiquela et al. (2020) (2020); Delgado Mena et al. (2017) (2017); Luck (2017) (2017),
hd 10700,hd10700,Y_II,,,-0.24,luck17_01_of_02_unique_01_01_2025,Luck (2017) (2017),,individual measurement,grevesse07,,,Casamiquela et al. (2020) (2020); Delgado Mena et al. (2017) (2017); Luck (2017) (2017),
hd 100407,hd100407,Ba_II,0.23,0.24,,,,,SUMMARY (median/mean),,,,Casamiquela et al. (2020) (2020); Luck (2015) (2015),
hd 100407,hd100407,Ba_II,,,0.34,casamiquela20_raw_22_01_2025,Casamiquela et al. (2020) (2020),,individual measurement,grevesse07,,,Casamiquela et al. (2020) (2020); Luck (2015) (2015),
hd 100407,hd100407,Ba_II,,,0.12,luck15_01_of_02_unique_01_01_2025,Luck (2015) (2015),,individual measurement,grevesse07,,,Casamiquela et al. (2020) (2020); Luck (2015) (2015),
hd 100407,hd100407,Eu_II,0.13,0.13,,,,,SUMMARY (median/mean),,,,Casamiquela et al. (2020) (2020); Luck (2015) (2015),
hd 100407,hd100407,Eu_II,,,0.16,casamiquela20_raw_22_01_2025,Casamiquela et al. (2020) (2020),,individual measurement,grevesse07,,,Casamiquela et al. (2020) (2020); Luck (2015) (2015),
hd 100407,hd100407,Eu_II,,,0.1,luck15_01_of_02_unique_01_01_2025,Luck (2015) (2015),,individual measurement,grevesse07,,,Casamiquela et al. (2020) (2020); Luck (2015) (2015),
hd 100407,hd100407,Y_II,0.4,0.4,,,,,SUMMARY (median/mean),,,,Casamiquela et al. (2020) (2020),
hd 100407,hd100407,Y_II,,,0.4,casamiquela20_raw_22_01_2025,Casamiquela et al. (2020) (2020),,individual measurement,grevesse07,,,Casamiquela et al. (2020) (2020),
